timestamp,range_uwb,variance
0.06399999999985084,6.001203536987305,0.22
0.16400000000021464,5.993130683898926,0.22
0.2640000000001237,6.053411483764648,0.22
0.36400000000003274,6.050807476043701,0.22
0.4639999999999418,6.068944931030273,0.22
0.5639999999998508,6.181297302246094,0.22
0.6640000000002146,6.3245768547058105,0.22
0.7640000000001237,6.2359747886657715,0.22
0.8640000000000327,6.2313232421875,0.22
0.9639999999999418,6.342129230499268,0.22
1.0639999999998508,6.424450874328613,0.22
1.1640000000002146,6.542636394500732,0.22
1.2640000000001237,6.617439270019531,0.22
1.3640000000000327,6.53666353225708,0.22
1.4639999999999418,6.617812633514404,0.22
1.5639999999998508,6.720152378082275,0.22
1.6640000000002146,6.67622184753418,0.22
1.7640000000001237,6.75325870513916,0.22
1.8640000000000327,6.772367000579834,0.22
1.9639999999999418,6.662855625152588,0.22
2.063999999999851,6.810281753540039,0.22
2.1640000000002146,6.678824424743652,0.22
2.2640000000001237,6.749693393707275,0.22
2.3640000000000327,6.710522174835205,0.22
2.463999999999942,6.660207271575928,0.22
2.563999999999851,6.8126220703125,0.22
2.6640000000002146,6.800180912017822,0.22
2.7640000000001237,6.761542797088623,0.22
2.8640000000000327,6.913736343383789,0.22
2.963999999999942,6.780396938323975,0.22
3.063999999999851,6.890224933624268,0.22
3.1640000000002146,6.832162380218506,0.22
3.2640000000001237,6.813971519470215,0.22
3.3640000000000327,6.866733551025391,0.22
3.463999999999942,6.812603950500488,0.22
3.563999999999851,6.8406291007995605,0.22
3.6640000000002146,6.85175085067749,0.22
3.7640000000001237,6.840740203857422,0.22
3.8640000000000327,6.793760776519775,0.22
3.963999999999942,6.753623962402344,0.22
4.063999999999851,6.760244369506836,0.22
4.164000000000215,6.859207630157471,0.22
4.264000000000124,6.719362258911133,0.22
4.364000000000033,6.579392433166504,0.22
4.463999999999942,6.731934070587158,0.22
4.563999999999851,6.574794769287109,0.22
4.664000000000215,6.648009777069092,0.22
4.764000000000124,6.607891082763672,0.22
4.864000000000033,6.689779758453369,0.22
4.963999999999942,6.629773139953613,0.22
5.063999999999851,6.682550430297852,0.22
5.164000000000215,6.756158351898193,0.22
5.264000000000124,6.722693920135498,0.22
5.364000000000033,6.664297580718994,0.22
5.463999999999942,6.606478691101074,0.22
5.563999999999851,6.674686908721924,0.22
5.664000000000215,6.737049102783203,0.22
5.764000000000124,6.661159038543701,0.22
5.864000000000033,6.737082481384277,0.22
5.963999999999942,6.703867435455322,0.22
6.063999999999851,6.808051109313965,0.22
6.164000000000215,6.68178653717041,0.22
6.264000000000124,6.824704170227051,0.22
6.364000000000033,6.756622791290283,0.22
6.463999999999942,6.728235244750977,0.22
6.563999999999851,6.7558064460754395,0.22
6.664000000000215,6.821993827819824,0.22
6.764000000000124,6.7447829246521,0.22
6.864000000000033,6.781625270843506,0.22
6.963999999999942,6.710872173309326,0.22
7.063999999999851,6.781141757965088,0.22
7.164000000000215,6.818808555603027,0.22
7.264000000000124,6.810855388641357,0.22
7.364000000000033,6.717434883117676,0.22
7.463999999999942,6.7284836769104,0.22
7.563999999999851,6.771909236907959,0.22
7.664000000000215,6.699365615844727,0.22
7.764000000000124,6.684513092041016,0.22
7.864000000000033,6.743967533111572,0.22
7.963999999999942,6.782116413116455,0.22
8.06399999999985,6.73275899887085,0.22
8.164000000000215,6.711249351501465,0.22
8.264000000000124,6.742847919464111,0.22
8.364000000000033,6.771833419799805,0.22
8.463999999999942,6.759408950805664,0.22
8.56399999999985,6.698441982269287,0.22
8.664000000000215,6.658404350280762,0.22
8.764000000000124,6.729817867279053,0.22
8.864000000000033,6.753742218017578,0.22
8.963999999999942,6.688451766967773,0.22
9.06399999999985,6.786567211151123,0.22
9.164000000000215,6.74204158782959,0.22
9.264000000000124,6.80483865737915,0.22
9.364000000000033,6.724564075469971,0.22
9.463999999999942,6.648063659667969,0.22
9.56399999999985,6.743654251098633,0.22
9.664000000000215,6.7011919021606445,0.22
9.764000000000124,6.682032585144043,0.22
9.864000000000033,6.698397159576416,0.22
9.963999999999942,6.736016273498535,0.22
10.06399999999985,6.751142978668213,0.22
10.164000000000215,6.8196001052856445,0.22
10.264000000000124,6.725915431976318,0.22
10.364000000000033,6.62445592880249,0.22
10.463999999999942,6.756527423858643,0.22
10.56399999999985,6.743514537811279,0.22
10.664000000000215,6.73483419418335,0.22
10.764000000000124,6.7581257820129395,0.22
10.864000000000033,6.7619309425354,0.22
10.963999999999942,6.687314033508301,0.22
11.06399999999985,6.735230922698975,0.22
11.164000000000215,6.686339855194092,0.22
11.264000000000124,6.828619956970215,0.22
11.364000000000033,6.699602127075195,0.22
11.463999999999942,6.665929794311523,0.22
11.56399999999985,6.701694011688232,0.22
11.664000000000215,6.672245502471924,0.22
11.764000000000124,6.720983982086182,0.22
11.864000000000033,6.655798435211182,0.22
11.963999999999942,6.681523323059082,0.22
12.06399999999985,6.721166610717773,0.22
12.164000000000215,6.683840751647949,0.22
12.264000000000124,6.6995530128479,0.22
12.364000000000033,6.696817874908447,0.22
12.463999999999942,6.724961280822754,0.22
12.56399999999985,6.655832290649414,0.22
12.664000000000215,6.69219970703125,0.22
12.764000000000124,6.692145824432373,0.22
12.864000000000033,6.695927143096924,0.22
12.963999999999942,6.694789409637451,0.22
13.06399999999985,6.755488872528076,0.22
13.164000000000215,6.671989440917969,0.22
13.264000000000124,6.689772605895996,0.22
13.364000000000033,6.7077226638793945,0.22
13.463999999999942,6.658782482147217,0.22
13.56399999999985,6.681718349456787,0.22
13.664000000000215,6.617879390716553,0.22
13.764000000000124,6.569135665893555,0.22
13.864000000000033,6.669955253601074,0.22
13.963999999999942,6.634346008300781,0.22
14.06399999999985,6.5764055252075195,0.22
14.164000000000215,6.670847415924072,0.22
14.264000000000124,6.699326515197754,0.22
14.364000000000033,6.6296610832214355,0.22
14.463999999999942,6.6418538093566895,0.22
14.56399999999985,6.657964706420898,0.22
14.664000000000215,6.688331127166748,0.22
14.764000000000124,6.637635231018066,0.22
14.864000000000033,6.631835460662842,0.22
14.963999999999942,6.652328014373779,0.22
15.06399999999985,6.714509010314941,0.22
15.164000000000215,6.704279899597168,0.22
15.264000000000124,6.531722545623779,0.22
15.364000000000033,6.676784038543701,0.22
15.463999999999942,6.656991004943848,0.22
15.56399999999985,6.601797103881836,0.22
15.664000000000215,6.679989337921143,0.22
15.764000000000124,6.650928020477295,0.22
15.864000000000033,6.710901737213135,0.22
15.963999999999942,6.618178367614746,0.22
16.06399999999985,6.6850481033325195,0.22
16.164000000000215,6.646014213562012,0.22
16.264000000000124,6.6282830238342285,0.22
16.364000000000033,6.5772385597229,0.22
16.463999999999942,6.723404884338379,0.22
16.56399999999985,6.710218906402588,0.22
16.664000000000215,6.658928394317627,0.22
16.764000000000124,6.6992950439453125,0.22
16.864000000000033,6.649438858032227,0.22
16.963999999999942,6.730642318725586,0.22
17.06399999999985,6.725186347961426,0.22
17.164000000000215,6.745584964752197,0.22
17.264000000000124,6.690656661987305,0.22
17.364000000000033,6.680576324462891,0.22
17.463999999999942,6.782712936401367,0.22
17.56399999999985,6.784515380859375,0.22
17.664000000000215,6.856057167053223,0.22
17.764000000000124,6.892405986785889,0.22
17.864000000000033,6.829958915710449,0.22
17.963999999999942,6.808537483215332,0.22
18.06399999999985,6.97731876373291,0.22
18.164000000000215,6.85399055480957,0.22
18.264000000000124,6.805704116821289,0.22
18.364000000000033,6.817898273468018,0.22
18.463999999999942,6.912132263183594,0.22
18.572000000000116,6.8887505531311035,0.22
18.664000000000215,6.920353412628174,0.22
18.764000000000124,6.94325065612793,0.22
18.867999999999938,6.917654037475586,0.22
18.963999999999942,6.929710388183594,0.22
19.06399999999985,6.964202880859375,0.22
19.172000000000025,6.894295692443848,0.22
19.264000000000124,6.9878950119018555,0.22
19.364000000000033,6.95482873916626,0.22
19.463999999999942,6.894969463348389,0.22
19.56399999999985,6.91171932220459,0.22
19.664000000000215,6.910064697265625,0.22
19.764000000000124,6.858449459075928,0.22
19.864000000000033,6.874791622161865,0.22
19.963999999999942,6.8144402503967285,0.22
20.06399999999985,6.8404130935668945,0.22
20.164000000000215,6.675507545471191,0.22
20.264000000000124,6.865756511688232,0.22
20.364000000000033,6.720383644104004,0.22
20.463999999999942,6.7296462059021,0.22
20.56399999999985,6.76616907119751,0.22
20.664000000000215,6.800521373748779,0.22
20.764000000000124,6.841944694519043,0.22
20.864000000000033,6.80127477645874,0.22
20.967999999999847,6.785768985748291,0.22
21.06399999999985,6.764980316162109,0.22
21.164000000000215,6.838050365447998,0.22
21.264000000000124,6.742065906524658,0.22
21.364000000000033,6.672895908355713,0.22
21.463999999999942,6.714137077331543,0.22
21.56399999999985,6.885819435119629,0.22
21.664000000000215,6.779795169830322,0.22
21.764000000000124,6.740987300872803,0.22
21.864000000000033,6.748863697052002,0.22
21.963999999999942,6.66611909866333,0.22
22.06399999999985,6.722878456115723,0.22
22.164000000000215,6.845343589782715,0.22
22.264000000000124,6.725808143615723,0.22
22.364000000000033,6.75951623916626,0.22
22.463999999999942,6.816327095031738,0.22
22.56399999999985,6.704334259033203,0.22
22.664000000000215,6.831614971160889,0.22
22.764000000000124,6.846172332763672,0.22
22.864000000000033,6.809370994567871,0.22
22.963999999999942,6.862922191619873,0.22
23.06800000000021,6.850063800811768,0.22
23.164000000000215,6.879065036773682,0.22
23.264000000000124,6.803586006164551,0.22
23.364000000000033,6.81716775894165,0.22
23.463999999999942,6.860140800476074,0.22
23.56399999999985,6.749524116516113,0.22
23.664000000000215,6.856159687042236,0.22
23.764000000000124,6.761613845825195,0.22
23.864000000000033,6.785338878631592,0.22
23.963999999999942,6.879759788513184,0.22
24.06399999999985,6.782390117645264,0.22
24.164000000000215,6.689697742462158,0.22
24.264000000000124,6.747669696807861,0.22
24.364000000000033,6.772197246551514,0.22
24.463999999999942,6.730238914489746,0.22
24.56399999999985,6.819593906402588,0.22
24.664000000000215,6.720420837402344,0.22
24.764000000000124,6.737478733062744,0.22
24.864000000000033,6.680182456970215,0.22
24.963999999999942,6.767425060272217,0.22
25.06399999999985,6.847033500671387,0.22
25.164000000000215,6.758410930633545,0.22
25.264000000000124,6.747984886169434,0.22
25.364000000000033,6.770812034606934,0.22
25.463999999999942,6.7946014404296875,0.22
25.56399999999985,6.833795070648193,0.22
25.664000000000215,6.884033203125,0.22
25.764000000000124,6.730117321014404,0.22
25.864000000000033,6.89588737487793,0.22
25.963999999999942,6.791368007659912,0.22
26.06399999999985,6.836935997009277,0.22
26.164000000000215,6.725142955780029,0.22
26.264000000000124,6.87095832824707,0.22
26.364000000000033,6.869365692138672,0.22
26.463999999999942,6.8317646980285645,0.22
26.56399999999985,6.783243179321289,0.22
26.664000000000215,6.801209449768066,0.22
26.764000000000124,6.760196208953857,0.22
26.864000000000033,6.823819160461426,0.22
26.963999999999942,6.78096342086792,0.22
27.06399999999985,6.7830705642700195,0.22
27.164000000000215,6.847620964050293,0.22
27.264000000000124,6.870555877685547,0.22
27.364000000000033,6.942570209503174,0.22
27.463999999999942,6.802000045776367,0.22
27.56399999999985,6.860036373138428,0.22
27.664000000000215,6.899322986602783,0.22
27.764000000000124,6.96246862411499,0.22
27.864000000000033,6.846648693084717,0.22
27.963999999999942,6.851550579071045,0.22
28.06399999999985,6.896792411804199,0.22
28.164000000000215,6.889484405517578,0.22
28.264000000000124,6.888503551483154,0.22
28.364000000000033,6.849329948425293,0.22
28.463999999999942,6.87786865234375,0.22
28.56399999999985,6.877143383026123,0.22
28.664000000000215,6.894285202026367,0.22
28.764000000000124,6.886717796325684,0.22
28.864000000000033,6.762405872344971,0.22
28.963999999999942,6.8587517738342285,0.22
29.06399999999985,6.837541103363037,0.22
29.164000000000215,6.823777675628662,0.22
29.264000000000124,6.864834785461426,0.22
29.364000000000033,6.807089805603027,0.22
29.463999999999942,6.807953357696533,0.22
29.56399999999985,6.772449970245361,0.22
29.664000000000215,6.912966251373291,0.22
29.764000000000124,6.78298807144165,0.22
29.864000000000033,6.830967426300049,0.22
29.963999999999942,6.847751617431641,0.22
30.06399999999985,6.895678997039795,0.22
30.164000000000215,6.846563339233398,0.22
30.264000000000124,6.774275302886963,0.22
30.364000000000033,6.8297200202941895,0.22
30.463999999999942,6.87833833694458,0.22
30.56399999999985,6.840914726257324,0.22
30.664000000000215,6.834771633148193,0.22
30.764000000000124,6.819848537445068,0.22
30.864000000000033,6.824684143066406,0.22
30.963999999999942,6.776569366455078,0.22
31.06399999999985,6.772291660308838,0.22
31.164000000000215,6.757874011993408,0.22
31.264000000000124,6.774630546569824,0.22
31.364000000000033,6.7701897621154785,0.22
31.463999999999942,6.687371730804443,0.22
31.56399999999985,6.7851176261901855,0.22
31.664000000000215,6.752501964569092,0.22
31.764000000000124,6.754526615142822,0.22
31.864000000000033,6.858730792999268,0.22
31.963999999999942,6.78727912902832,0.22
32.06399999999985,6.812084674835205,0.22
32.164000000000215,6.830107688903809,0.22
32.264000000000124,6.772890090942383,0.22
32.36400000000003,6.823431015014648,0.22
32.46399999999994,6.826333999633789,0.22
32.56399999999985,6.790805816650391,0.22
32.664000000000215,6.777359962463379,0.22
32.764000000000124,6.775497913360596,0.22
32.86400000000003,6.763768196105957,0.22
32.96399999999994,6.779208183288574,0.22
33.06399999999985,6.778439044952393,0.22
33.164000000000215,6.661654949188232,0.22
33.264000000000124,6.6768574714660645,0.22
33.36400000000003,6.709985733032227,0.22
33.46399999999994,6.759538650512695,0.22
33.56399999999985,6.756255149841309,0.22
33.664000000000215,6.813641548156738,0.22
33.764000000000124,6.80914306640625,0.22
33.86400000000003,6.785590171813965,0.22
33.96399999999994,6.720426559448242,0.22
34.06399999999985,6.771247386932373,0.22
34.164000000000215,6.794450759887695,0.22
34.264000000000124,6.816879749298096,0.22
34.36400000000003,6.714573383331299,0.22
34.46399999999994,6.850069046020508,0.22
34.56399999999985,6.759035587310791,0.22
34.664000000000215,6.844827651977539,0.22
34.764000000000124,6.90470552444458,0.22
34.86400000000003,6.864007472991943,0.22
34.96399999999994,6.764383316040039,0.22
35.06399999999985,6.923739433288574,0.22
35.164000000000215,6.799561500549316,0.22
35.264000000000124,6.756458759307861,0.22
35.36400000000003,6.825873374938965,0.22
35.46399999999994,6.864187240600586,0.22
35.56399999999985,6.932582855224609,0.22
35.664000000000215,6.913875579833984,0.22
35.764000000000124,6.880488872528076,0.22
35.86400000000003,6.827136993408203,0.22
35.96399999999994,6.917531967163086,0.22
36.06399999999985,6.881340026855469,0.22
36.164000000000215,6.758603096008301,0.22
36.264000000000124,6.787256240844727,0.22
36.36400000000003,6.777873516082764,0.22
36.46399999999994,6.872589588165283,0.22
36.56399999999985,6.827807903289795,0.22
36.664000000000215,6.8305792808532715,0.22
36.764000000000124,7.002862453460693,0.22
36.86400000000003,6.880729675292969,0.22
36.96399999999994,6.8063249588012695,0.22
37.06399999999985,6.855135440826416,0.22
37.164000000000215,6.83837890625,0.22
37.264000000000124,6.823304653167725,0.22
37.36400000000003,6.845225811004639,0.22
37.46399999999994,6.894533157348633,0.22
37.56399999999985,7.000756740570068,0.22
37.664000000000215,6.997198104858398,0.22
37.764000000000124,6.90233850479126,0.22
37.86400000000003,6.856236934661865,0.22
37.96399999999994,6.902762413024902,0.22
38.06399999999985,6.772209644317627,0.22
38.164000000000215,6.854049205780029,0.22
38.264000000000124,6.8533549308776855,0.22
38.36400000000003,6.926459312438965,0.22
38.46399999999994,6.81708288192749,0.22
38.56399999999985,6.783397674560547,0.22
38.664000000000215,6.7704901695251465,0.22
38.764000000000124,6.810284614562988,0.22
38.86400000000003,6.8574748039245605,0.22
38.96399999999994,6.782970428466797,0.22
39.06399999999985,6.8568525314331055,0.22
39.164000000000215,6.826292514801025,0.22
39.26800000000003,6.860901832580566,0.22
39.36400000000003,6.83308744430542,0.22
39.46399999999994,6.812468528747559,0.22
39.56399999999985,6.847724437713623,0.22
39.664000000000215,6.8902812004089355,0.22
39.764000000000124,6.8667216300964355,0.22
39.86400000000003,6.836493968963623,0.22
39.96399999999994,6.948111057281494,0.22
40.06399999999985,6.897238254547119,0.22
40.164000000000215,6.950658798217773,0.22
40.264000000000124,6.906557559967041,0.22
40.36400000000003,6.9778947830200195,0.22
40.46399999999994,6.933081150054932,0.22
40.56399999999985,6.912816524505615,0.22
40.664000000000215,7.004116535186768,0.22
40.764000000000124,6.966902732849121,0.22
40.86400000000003,6.924628734588623,0.22
40.96399999999994,6.840747356414795,0.22
41.06399999999985,6.955979347229004,0.22
41.164000000000215,6.8882222175598145,0.22
41.264000000000124,6.900021553039551,0.22
41.36400000000003,6.889120578765869,0.22
41.46399999999994,6.9592461585998535,0.22
41.56399999999985,6.96044397354126,0.22
41.664000000000215,6.898350238800049,0.22
41.764000000000124,6.98903226852417,0.22
41.86400000000003,6.891386985778809,0.22
41.96399999999994,6.925780296325684,0.22
42.06399999999985,6.931668281555176,0.22
42.164000000000215,6.947935581207275,0.22
42.264000000000124,6.926365852355957,0.22
42.36400000000003,6.942905902862549,0.22
42.46399999999994,6.945459365844727,0.22
42.56399999999985,6.924408912658691,0.22
42.664000000000215,7.054816246032715,0.22
42.764000000000124,6.986508846282959,0.22
42.86400000000003,7.00359582901001,0.22
42.96399999999994,6.802541255950928,0.22
43.06399999999985,6.984477996826172,0.22
43.164000000000215,6.865645408630371,0.22
43.264000000000124,6.89071798324585,0.22
43.36400000000003,6.93143892288208,0.22
43.46399999999994,6.9479451179504395,0.22
43.56399999999985,6.928822994232178,0.22
43.664000000000215,6.966552257537842,0.22
43.764000000000124,6.82464075088501,0.22
43.86400000000003,6.890499591827393,0.22
43.96399999999994,6.909839630126953,0.22
44.06399999999985,6.844514846801758,0.22
44.164000000000215,6.894242763519287,0.22
44.264000000000124,6.854440689086914,0.22
44.36400000000003,6.898711204528809,0.22
44.46399999999994,6.886497974395752,0.22
44.56399999999985,6.852818965911865,0.22
44.664000000000215,6.83258581161499,0.22
44.764000000000124,6.948709964752197,0.22
44.86400000000003,6.932632923126221,0.22
44.96399999999994,6.875742435455322,0.22
45.06399999999985,6.868126392364502,0.22
45.164000000000215,6.86522912979126,0.22
45.264000000000124,6.855236053466797,0.22
45.36400000000003,6.8987717628479,0.22
45.46399999999994,6.9420318603515625,0.22
45.56399999999985,6.895640850067139,0.22
45.664000000000215,6.88299036026001,0.22
45.764000000000124,6.894595146179199,0.22
45.86400000000003,6.979036331176758,0.22
45.96399999999994,6.921181678771973,0.22
46.06399999999985,6.775451183319092,0.22
46.164000000000215,6.792606353759766,0.22
46.264000000000124,6.919140815734863,0.22
46.36400000000003,6.966154098510742,0.22
46.46399999999994,6.890921592712402,0.22
46.56399999999985,6.921476364135742,0.22
46.664000000000215,6.858346462249756,0.22
46.764000000000124,6.928926944732666,0.22
46.86400000000003,6.788369655609131,0.22
46.96399999999994,6.883627891540527,0.22
47.06399999999985,6.874213695526123,0.22
47.164000000000215,6.852794647216797,0.22
47.264000000000124,6.848395824432373,0.22
47.36400000000003,6.825714111328125,0.22
47.46399999999994,6.905431747436523,0.22
47.56399999999985,6.799973011016846,0.22
47.664000000000215,6.9197096824646,0.22
47.764000000000124,6.893380641937256,0.22
47.86400000000003,6.936995983123779,0.22
47.96399999999994,6.856767177581787,0.22
48.06399999999985,6.743924140930176,0.22
48.164000000000215,6.849246025085449,0.22
48.264000000000124,6.8940205574035645,0.22
48.36400000000003,6.919456958770752,0.22
48.46399999999994,6.8198981285095215,0.22
48.56399999999985,6.773556709289551,0.22
48.664000000000215,6.87509298324585,0.22
48.764000000000124,6.786899566650391,0.22
48.86400000000003,6.852159023284912,0.22
48.96399999999994,6.901440620422363,0.22
49.06399999999985,6.878410339355469,0.22
49.164000000000215,6.8101935386657715,0.22
49.264000000000124,6.782853126525879,0.22
49.36400000000003,6.8296990394592285,0.22
49.46399999999994,6.839595794677734,0.22
49.56399999999985,6.8073530197143555,0.22
49.664000000000215,6.889276027679443,0.22
49.764000000000124,6.796065330505371,0.22
49.86400000000003,6.780747413635254,0.22
49.96399999999994,6.861288547515869,0.22
50.06399999999985,6.912595272064209,0.22
50.164000000000215,6.864563941955566,0.22
50.264000000000124,6.818123817443848,0.22
50.36400000000003,6.7369465827941895,0.22
50.46399999999994,6.892800807952881,0.22
50.56399999999985,6.790839195251465,0.22
50.664000000000215,6.862578392028809,0.22
50.764000000000124,6.841193675994873,0.22
50.86400000000003,6.809206962585449,0.22
50.96399999999994,6.880685329437256,0.22
51.06399999999985,6.818493366241455,0.22
51.164000000000215,6.838479995727539,0.22
51.264000000000124,6.892311096191406,0.22
51.36400000000003,6.9132161140441895,0.22
51.46399999999994,6.934981346130371,0.22
51.56399999999985,6.793320178985596,0.22
51.664000000000215,6.954962253570557,0.22
51.764000000000124,6.871516227722168,0.22
51.86400000000003,6.908998012542725,0.22
51.96399999999994,6.8667473793029785,0.22
52.06399999999985,6.945248603820801,0.22
52.164000000000215,6.938887119293213,0.22
52.264000000000124,6.8680419921875,0.22
52.36400000000003,6.868053436279297,0.22
52.46399999999994,6.896960735321045,0.22
52.56399999999985,6.975041389465332,0.22
52.664000000000215,6.968173503875732,0.22
52.764000000000124,6.957312107086182,0.22
52.86400000000003,6.856091022491455,0.22
52.96399999999994,6.820335388183594,0.22
53.06399999999985,6.83938455581665,0.22
53.164000000000215,6.84948205947876,0.22
53.264000000000124,6.964237213134766,0.22
53.36400000000003,6.89558219909668,0.22
53.46399999999994,6.879705429077148,0.22
53.56399999999985,6.931283473968506,0.22
53.664000000000215,6.922717094421387,0.22
53.764000000000124,6.928837776184082,0.22
53.86400000000003,6.875232696533203,0.22
53.96399999999994,6.974602699279785,0.22
54.06399999999985,6.924341201782227,0.22
54.164000000000215,6.88793420791626,0.22
54.264000000000124,6.917245388031006,0.22
54.36400000000003,6.950312614440918,0.22
54.46399999999994,6.904658317565918,0.22
54.56399999999985,6.9224042892456055,0.22
54.664000000000215,6.9258131980896,0.22
54.764000000000124,6.901645183563232,0.22
54.86400000000003,6.841827392578125,0.22
54.96399999999994,6.821322917938232,0.22
55.06399999999985,6.8827080726623535,0.22
55.164000000000215,6.9183220863342285,0.22
55.264000000000124,6.962551593780518,0.22
55.36400000000003,6.877027988433838,0.22
55.46399999999994,6.933150291442871,0.22
55.56399999999985,6.832265853881836,0.22
55.664000000000215,6.88796854019165,0.22
55.764000000000124,6.848323345184326,0.22
55.86400000000003,6.818314552307129,0.22
55.96399999999994,6.931338787078857,0.22
56.06399999999985,6.860811233520508,0.22
56.164000000000215,6.8556904792785645,0.22
56.264000000000124,6.803917407989502,0.22
56.36400000000003,6.7744364738464355,0.22
56.46399999999994,6.829713344573975,0.22
56.56399999999985,6.745738506317139,0.22
56.664000000000215,6.695405006408691,0.22
56.764000000000124,6.649738788604736,0.22
56.86400000000003,6.747011184692383,0.22
56.96399999999994,6.75133752822876,0.22
57.06399999999985,6.744561195373535,0.22
57.164000000000215,6.698902606964111,0.22
57.264000000000124,6.689205169677734,0.22
57.36400000000003,6.707923889160156,0.22
57.46399999999994,6.681460857391357,0.22
57.56399999999985,6.765427589416504,0.22
57.664000000000215,6.825572490692139,0.22
57.764000000000124,6.747132301330566,0.22
57.86400000000003,6.718841075897217,0.22
57.96399999999994,6.732853889465332,0.22
58.06399999999985,6.808870315551758,0.22
58.164000000000215,6.815877437591553,0.22
58.264000000000124,6.703249454498291,0.22
58.36400000000003,6.7869768142700195,0.22
58.46399999999994,6.812978744506836,0.22
58.56399999999985,6.73928689956665,0.22
58.664000000000215,6.827425003051758,0.22
58.764000000000124,6.854016304016113,0.22
58.86400000000003,6.74680757522583,0.22
58.96399999999994,6.833977699279785,0.22
59.06399999999985,6.7362589836120605,0.22
59.164000000000215,6.8078718185424805,0.22
59.264000000000124,6.865332126617432,0.22
59.36400000000003,6.7748308181762695,0.22
59.46399999999994,6.739782810211182,0.22
59.56399999999985,7.0045485496521,0.22
59.664000000000215,6.8620710372924805,0.22
59.764000000000124,6.777121067047119,0.22
59.86400000000003,6.843570232391357,0.22
59.96399999999994,6.7679243087768555,0.22
60.06399999999985,6.809224605560303,0.22
60.164000000000215,6.811511039733887,0.22
60.264000000000124,6.828553676605225,0.22
60.36400000000003,6.780200481414795,0.22
60.46399999999994,6.781419277191162,0.22
60.56399999999985,6.882834434509277,0.22
60.664000000000215,6.877523422241211,0.22
60.764000000000124,6.727600574493408,0.22
60.86400000000003,6.73776912689209,0.22
60.96399999999994,6.766866683959961,0.22
61.06399999999985,6.7873101234436035,0.22
61.164000000000215,6.897932529449463,0.22
61.264000000000124,6.8373212814331055,0.22
61.36400000000003,6.8946123123168945,0.22
61.46399999999994,6.828555583953857,0.22
61.56399999999985,6.76281213760376,0.22
61.664000000000215,6.772949695587158,0.22
61.764000000000124,6.812227725982666,0.22
61.86400000000003,6.753383159637451,0.22
61.96399999999994,6.818000316619873,0.22
62.06399999999985,6.892999649047852,0.22
62.164000000000215,6.923406600952148,0.22
62.264000000000124,6.856035232543945,0.22
62.36400000000003,6.887694835662842,0.22
62.46399999999994,6.86912727355957,0.22
62.56399999999985,6.875263690948486,0.22
62.664000000000215,6.90457820892334,0.22
62.764000000000124,6.812811851501465,0.22
62.86400000000003,6.924811363220215,0.22
62.96399999999994,6.81490421295166,0.22
63.06399999999985,6.88389253616333,0.22
63.164000000000215,6.922199249267578,0.22
63.264000000000124,6.911725044250488,0.22
63.36400000000003,6.883141994476318,0.22
63.46399999999994,6.963435649871826,0.22
63.56399999999985,6.917809009552002,0.22
63.664000000000215,6.973562717437744,0.22
63.764000000000124,6.973078727722168,0.22
63.86400000000003,6.951167106628418,0.22
63.96399999999994,7.0062079429626465,0.22
64.06399999999985,6.959177494049072,0.22
64.16400000000021,6.901350021362305,0.22
64.26400000000012,7.035965919494629,0.22
64.36400000000003,6.817261695861816,0.22
64.46399999999994,6.934459686279297,0.22
64.56399999999985,6.936489582061768,0.22
64.66400000000021,6.907958030700684,0.22
64.76400000000012,6.862110614776611,0.22
64.86400000000003,6.8195695877075195,0.22
64.96399999999994,6.821671962738037,0.22
65.06399999999985,6.923147201538086,0.22
65.16400000000021,6.815223217010498,0.22
65.26400000000012,6.843642711639404,0.22
65.36400000000003,7.038248538970947,0.22
65.46399999999994,6.917873859405518,0.22
65.56399999999985,6.937697887420654,0.22
65.66400000000021,6.977277755737305,0.22
65.76400000000012,6.983522415161133,0.22
65.86400000000003,6.99856424331665,0.22
65.96399999999994,6.876574516296387,0.22
66.06399999999985,6.905816078186035,0.22
66.16400000000021,6.967388153076172,0.22
66.26400000000012,6.838269233703613,0.22
66.36400000000003,6.8961663246154785,0.22
66.46399999999994,6.851940631866455,0.22
66.56399999999985,6.883556365966797,0.22
66.66400000000021,6.859400749206543,0.22
66.76400000000012,6.84409236907959,0.22
66.86400000000003,6.877220630645752,0.22
66.96399999999994,6.8935465812683105,0.22
67.06399999999985,6.784191608428955,0.22
67.16400000000021,6.845670223236084,0.22
67.26400000000012,6.816440582275391,0.22
67.36400000000003,6.720365524291992,0.22
67.46399999999994,6.768186569213867,0.22
67.56399999999985,6.846490859985352,0.22
67.66400000000021,6.741691589355469,0.22
67.76400000000012,6.817927360534668,0.22
67.86400000000003,6.8398518562316895,0.22
67.96399999999994,6.7514328956604,0.22
68.06399999999985,6.851382255554199,0.22
68.16400000000021,6.779395580291748,0.22
68.26400000000012,6.73081111907959,0.22
68.36400000000003,6.827199459075928,0.22
68.46399999999994,6.813612937927246,0.22
68.56399999999985,6.878773212432861,0.22
68.66400000000021,6.806873321533203,0.22
68.76400000000012,6.869341850280762,0.22
68.86400000000003,6.766219139099121,0.22
68.96399999999994,6.896203517913818,0.22
69.06399999999985,6.812040328979492,0.22
69.16400000000021,6.8670973777771,0.22
69.26400000000012,6.82586669921875,0.22
69.36400000000003,6.620916366577148,0.22
69.46399999999994,6.767699718475342,0.22
69.56399999999985,6.791737079620361,0.22
69.66400000000021,6.820162773132324,0.22
69.76400000000012,6.829257011413574,0.22
69.86400000000003,6.793645858764648,0.22
69.96399999999994,6.824043273925781,0.22
70.06399999999985,6.888150691986084,0.22
70.16400000000021,6.883947849273682,0.22
70.26400000000012,6.826159954071045,0.22
70.36400000000003,6.889780521392822,0.22
70.46399999999994,6.840542793273926,0.22
70.56399999999985,6.824978351593018,0.22
70.66400000000021,6.8447771072387695,0.22
70.76400000000012,6.797022819519043,0.22
70.86400000000003,6.826125144958496,0.22
70.96399999999994,6.783969879150391,0.22
71.06399999999985,6.806945323944092,0.22
71.16400000000021,6.704929828643799,0.22
71.26400000000012,6.821514129638672,0.22
71.36400000000003,6.781846523284912,0.22
71.46399999999994,6.7740936279296875,0.22
71.56399999999985,6.9297356605529785,0.22
71.66400000000021,6.860890865325928,0.22
71.76400000000012,6.86490535736084,0.22
71.86400000000003,6.872189044952393,0.22
71.96399999999994,6.769420623779297,0.22
72.06399999999985,6.866336345672607,0.22
72.16400000000021,6.8233819007873535,0.22
72.26400000000012,6.789552688598633,0.22
72.36400000000003,6.9069600105285645,0.22
72.46399999999994,6.8161115646362305,0.22
72.56399999999985,6.915692329406738,0.22
72.66400000000021,6.8558244705200195,0.22
72.76400000000012,6.927054405212402,0.22
72.86400000000003,6.908699035644531,0.22
72.96399999999994,6.932366371154785,0.22
73.06399999999985,6.896357536315918,0.22
73.16400000000021,6.901853084564209,0.22
73.26400000000012,7.0226545333862305,0.22
73.36400000000003,6.979507923126221,0.22
73.46399999999994,6.962063789367676,0.22
73.56399999999985,6.990104675292969,0.22
73.66400000000021,6.978698253631592,0.22
73.76400000000012,6.969028949737549,0.22
73.86400000000003,7.0354790687561035,0.22
73.96399999999994,7.043270111083984,0.22
74.06399999999985,7.114109992980957,0.22
74.16400000000021,7.017247200012207,0.22
74.26400000000012,7.077986717224121,0.22
74.36400000000003,6.988666534423828,0.22
74.46399999999994,7.0324530601501465,0.22
74.56399999999985,7.007496356964111,0.22
74.66400000000021,7.003627300262451,0.22
74.76400000000012,7.002137184143066,0.22
74.86400000000003,6.906492710113525,0.22
74.96399999999994,6.912750720977783,0.22
75.06399999999985,6.861335277557373,0.22
75.16400000000021,6.844271183013916,0.22
75.26400000000012,6.877981662750244,0.22
75.36400000000003,6.9092793464660645,0.22
75.46399999999994,6.804662227630615,0.22
75.56399999999985,6.829567909240723,0.22
75.66400000000021,6.992908954620361,0.22
75.76400000000012,6.951704502105713,0.22
75.86400000000003,6.940342903137207,0.22
75.96399999999994,6.902257919311523,0.22
76.06399999999985,6.780817985534668,0.22
76.16400000000021,6.851971626281738,0.22
76.26400000000012,6.832768440246582,0.22
76.36400000000003,6.887945175170898,0.22
76.46399999999994,6.783176898956299,0.22
76.56399999999985,6.845936298370361,0.22
76.66400000000021,6.7665839195251465,0.22
76.76400000000012,6.777868270874023,0.22
76.86400000000003,6.843795299530029,0.22
76.96399999999994,6.7583441734313965,0.22
77.06399999999985,6.822270393371582,0.22
77.16400000000021,6.690099239349365,0.22
77.26400000000012,6.72910737991333,0.22
77.36400000000003,6.768491268157959,0.22
77.46399999999994,6.720324516296387,0.22
77.56399999999985,6.876466751098633,0.22
77.66400000000021,6.792276859283447,0.22
77.76400000000012,6.761247634887695,0.22
77.86400000000003,6.739297866821289,0.22
77.96399999999994,6.7323150634765625,0.22
78.06399999999985,6.708653450012207,0.22
78.16400000000021,6.738110065460205,0.22
78.26400000000012,6.736025333404541,0.22
78.36400000000003,6.644894599914551,0.22
78.46399999999994,6.718363285064697,0.22
78.56399999999985,6.718688011169434,0.22
78.66400000000021,6.759166240692139,0.22
78.76400000000012,6.6979498863220215,0.22
78.86400000000003,6.7824225425720215,0.22
78.96399999999994,6.743714809417725,0.22
79.06399999999985,6.857192039489746,0.22
79.16400000000021,6.785019874572754,0.22
79.26400000000012,6.757286071777344,0.22
79.36400000000003,6.820990085601807,0.22
79.46399999999994,6.811863899230957,0.22
79.56399999999985,6.763413906097412,0.22
79.66400000000021,6.7943572998046875,0.22
79.76400000000012,6.703242301940918,0.22
79.86400000000003,6.699071884155273,0.22
79.96399999999994,6.767170429229736,0.22
80.06399999999985,6.770793914794922,0.22
80.16400000000021,6.787415981292725,0.22
80.26400000000012,6.8302083015441895,0.22
80.36400000000003,6.870453834533691,0.22
80.46399999999994,6.823677062988281,0.22
80.56399999999985,6.804695129394531,0.22
80.66400000000021,6.816500663757324,0.22
80.76400000000012,6.8199591636657715,0.22
80.86400000000003,6.775779724121094,0.22
80.96399999999994,6.834986686706543,0.22
81.06399999999985,6.847884654998779,0.22
81.16400000000021,6.806966781616211,0.22
81.26400000000012,6.813716888427734,0.22
81.36400000000003,6.811200141906738,0.22
81.46399999999994,6.78797721862793,0.22
81.56399999999985,6.742733478546143,0.22
81.66400000000021,6.7526469230651855,0.22
81.76400000000012,6.776218891143799,0.22
81.86400000000003,6.803204536437988,0.22
81.96399999999994,6.679698467254639,0.22
82.06399999999985,6.725038051605225,0.22
82.16400000000021,6.761489391326904,0.22
82.26400000000012,6.794557571411133,0.22
82.36400000000003,6.844058990478516,0.22
82.46399999999994,6.722714424133301,0.22
82.56399999999985,6.820082664489746,0.22
82.66400000000021,6.729083061218262,0.22
82.76400000000012,6.8218231201171875,0.22
82.86400000000003,6.8431291580200195,0.22
82.96399999999994,6.782418251037598,0.22
83.06399999999985,6.786629676818848,0.22
83.16400000000021,6.744926452636719,0.22
83.26400000000012,6.811633110046387,0.22
83.36400000000003,6.909094333648682,0.22
83.46399999999994,6.843954086303711,0.22
83.56399999999985,6.765504837036133,0.22
83.66400000000021,6.813462734222412,0.22
83.76400000000012,6.777348518371582,0.22
83.86400000000003,6.78078556060791,0.22
83.96399999999994,6.762112140655518,0.22
84.06399999999985,6.921169757843018,0.22
84.16400000000021,6.7399773597717285,0.22
84.26400000000012,6.863393783569336,0.22
84.36400000000003,6.847934722900391,0.22
84.46399999999994,6.790612697601318,0.22
84.56399999999985,6.798696041107178,0.22
84.66400000000021,6.759693145751953,0.22
84.76400000000012,6.822976589202881,0.22
84.86400000000003,6.770666599273682,0.22
84.96399999999994,6.779666423797607,0.22
85.06399999999985,6.738672733306885,0.22
85.16400000000021,6.829716205596924,0.22
85.26400000000012,6.7696990966796875,0.22
85.36400000000003,6.788808822631836,0.22
85.46399999999994,6.800445079803467,0.22
85.56399999999985,6.840774059295654,0.22
85.66400000000021,6.838886260986328,0.22
85.76400000000012,6.835830211639404,0.22
85.86400000000003,6.705074787139893,0.22
85.96399999999994,6.808196067810059,0.22
86.06399999999985,6.818321704864502,0.22
86.16400000000021,6.837441921234131,0.22
86.26400000000012,6.853688716888428,0.22
86.36400000000003,6.667569637298584,0.22
86.46399999999994,6.763974666595459,0.22
86.56399999999985,6.776187419891357,0.22
86.66400000000021,6.873883247375488,0.22
86.76400000000012,6.719892501831055,0.22
86.86400000000003,6.7724103927612305,0.22
86.96399999999994,6.719245910644531,0.22
87.06399999999985,6.857852935791016,0.22
87.16400000000021,6.775181293487549,0.22
87.26400000000012,6.786914825439453,0.22
87.36400000000003,6.8666253089904785,0.22
87.46399999999994,6.819781303405762,0.22
87.56399999999985,6.881111145019531,0.22
87.66400000000021,6.852722644805908,0.22
87.76400000000012,6.776800632476807,0.22
87.86400000000003,6.8123250007629395,0.22
87.96399999999994,6.838766574859619,0.22
88.06399999999985,6.856841564178467,0.22
88.16400000000021,6.867949962615967,0.22
88.26400000000012,6.826188564300537,0.22
88.36400000000003,6.829420566558838,0.22
88.46399999999994,6.816601276397705,0.22
88.56399999999985,6.811502456665039,0.22
88.66400000000021,6.889166355133057,0.22
88.76400000000012,6.862293720245361,0.22
88.86400000000003,6.958415508270264,0.22
88.96399999999994,6.8380889892578125,0.22
89.06399999999985,6.849308490753174,0.22
89.16400000000021,6.896087646484375,0.22
89.26400000000012,6.8961944580078125,0.22
89.36400000000003,6.917779445648193,0.22
89.46399999999994,6.902237892150879,0.22
89.56399999999985,6.892906665802002,0.22
89.66400000000021,6.886506080627441,0.22
89.76400000000012,6.75413703918457,0.22
89.86400000000003,6.775331497192383,0.22
89.96399999999994,6.809426784515381,0.22
90.06399999999985,6.842592716217041,0.22
90.16400000000021,6.84736442565918,0.22
90.26400000000012,6.821536064147949,0.22
90.36400000000003,6.7987446784973145,0.22
90.46399999999994,6.852683067321777,0.22
90.56399999999985,6.782262802124023,0.22
90.66400000000021,6.8744354248046875,0.22
90.76400000000012,6.793211936950684,0.22
90.86400000000003,6.81236457824707,0.22
90.96399999999994,6.765064239501953,0.22
91.06399999999985,6.909146308898926,0.22
91.16400000000021,6.856026649475098,0.22
91.26400000000012,6.955880165100098,0.22
91.36400000000003,6.892574310302734,0.22
91.46399999999994,6.904022216796875,0.22
91.56399999999985,6.878377437591553,0.22
91.66400000000021,6.823427677154541,0.22
91.76400000000012,6.871309757232666,0.22
91.86400000000003,6.796780586242676,0.22
91.96399999999994,6.8336029052734375,0.22
92.06399999999985,6.7679338455200195,0.22
92.16400000000021,6.894359111785889,0.22
92.26400000000012,6.8230366706848145,0.22
92.36400000000003,6.8074517250061035,0.22
92.46399999999994,6.779200553894043,0.22
92.56399999999985,6.741840839385986,0.22
92.66400000000021,6.796807765960693,0.22
92.76400000000012,6.794009208679199,0.22
92.86400000000003,6.865272521972656,0.22
92.96399999999994,6.894166946411133,0.22
93.06399999999985,6.715127944946289,0.22
93.16400000000021,6.73814058303833,0.22
93.26400000000012,6.815885066986084,0.22
93.36400000000003,6.951351642608643,0.22
93.46399999999994,6.856682777404785,0.22
93.56399999999985,6.764123439788818,0.22
93.66400000000021,6.8504815101623535,0.22
93.76400000000012,6.918509483337402,0.22
93.86400000000003,6.846384048461914,0.22
93.96399999999994,6.812796115875244,0.22
94.06399999999985,6.804561614990234,0.22
94.16400000000021,6.7642669677734375,0.22
94.26400000000012,6.873080253601074,0.22
94.36400000000003,6.858391761779785,0.22
94.46399999999994,6.888972282409668,0.22
94.56399999999985,6.834701061248779,0.22
94.66400000000021,6.886725425720215,0.22
94.76400000000012,6.945627212524414,0.22
94.86400000000003,6.748302459716797,0.22
94.96399999999994,6.764612197875977,0.22
95.06399999999985,6.847323894500732,0.22
95.16400000000021,6.845056056976318,0.22
95.26400000000012,6.840576171875,0.22
95.36400000000003,6.699649810791016,0.22
95.46399999999994,6.861687660217285,0.22
95.56399999999985,6.799022197723389,0.22
95.66400000000021,6.794411659240723,0.22
95.76400000000012,6.7941436767578125,0.22
95.86400000000003,6.820101261138916,0.22
95.96399999999994,6.831643104553223,0.22
96.06399999999985,6.775595664978027,0.22
96.16400000000021,6.807683944702148,0.22
96.27199999999993,6.79306173324585,0.22
96.36400000000003,6.887456893920898,0.22
96.46399999999994,6.871243476867676,0.22
96.56399999999985,6.881171703338623,0.22
96.66400000000021,6.932663440704346,0.22
96.76400000000012,6.915221691131592,0.22
96.86400000000003,6.842574119567871,0.22
96.96399999999994,6.855917930603027,0.22
97.06399999999985,6.791630268096924,0.22
97.16400000000021,6.917242050170898,0.22
97.26400000000012,6.92109489440918,0.22
97.36799999999994,6.92901611328125,0.22
97.46399999999994,6.94626522064209,0.22
97.56399999999985,6.80057954788208,0.22
97.66400000000021,6.850435733795166,0.22
97.76400000000012,6.866470813751221,0.22
97.86400000000003,6.975883960723877,0.22
97.96399999999994,6.968195915222168,0.22
98.06399999999985,6.895157337188721,0.22
98.16400000000021,6.954929351806641,0.22
98.26400000000012,6.90949821472168,0.22
98.36400000000003,6.907778739929199,0.22
98.46399999999994,6.92922830581665,0.22
98.56399999999985,6.819699287414551,0.22
98.66400000000021,6.910131931304932,0.22
98.76400000000012,6.936583995819092,0.22
98.86400000000003,6.829836845397949,0.22
98.96399999999994,6.888607501983643,0.22
99.06399999999985,6.850826263427734,0.22
99.16400000000021,6.885690689086914,0.22
99.26400000000012,6.985045433044434,0.22
99.36400000000003,6.913041591644287,0.22
99.46399999999994,6.902472972869873,0.22
99.56399999999985,6.852756023406982,0.22
99.66400000000021,6.867192268371582,0.22
99.76400000000012,6.8529205322265625,0.22
99.86400000000003,6.929701328277588,0.22
99.96399999999994,6.905581951141357,0.22
100.06399999999985,6.8883280754089355,0.22
100.16400000000021,6.687505722045898,0.22
100.26400000000012,6.896998405456543,0.22
100.36400000000003,6.918985843658447,0.22
100.46399999999994,6.913112640380859,0.22
100.56399999999985,6.9070281982421875,0.22
100.66400000000021,6.960763454437256,0.22
100.76400000000012,6.888926029205322,0.22
100.86400000000003,7.019317150115967,0.22
100.96399999999994,6.881608009338379,0.22
101.06399999999985,6.901976585388184,0.22
101.16400000000021,6.906279563903809,0.22
101.26400000000012,6.9330735206604,0.22
101.36400000000003,6.847912311553955,0.22
101.46399999999994,6.942281723022461,0.22
101.56399999999985,6.902103424072266,0.22
101.66400000000021,6.873517990112305,0.22
101.76400000000012,6.769806385040283,0.22
101.86400000000003,6.948516368865967,0.22
101.96399999999994,6.8700337409973145,0.22
102.06399999999985,6.8789873123168945,0.22
102.16400000000021,6.939119815826416,0.22
102.26400000000012,6.88430643081665,0.22
102.36400000000003,6.93278694152832,0.22
102.46399999999994,6.852225303649902,0.22
102.56399999999985,6.905239582061768,0.22
102.66400000000021,6.998205184936523,0.22
102.76400000000012,6.970890045166016,0.22
102.86400000000003,7.005773544311523,0.22
102.96399999999994,7.015443801879883,0.22
103.06399999999985,6.98375940322876,0.22
103.16400000000021,7.005044937133789,0.22
103.26400000000012,6.893348217010498,0.22
103.36400000000003,6.928497791290283,0.22
103.46399999999994,6.918553352355957,0.22
103.56399999999985,6.832934379577637,0.22
103.66400000000021,6.85727596282959,0.22
103.76400000000012,6.823914051055908,0.22
103.86400000000003,6.833611011505127,0.22
103.96399999999994,6.840645790100098,0.22
104.06399999999985,6.942417621612549,0.22
104.16400000000021,6.903930187225342,0.22
104.26400000000012,6.932602882385254,0.22
104.36400000000003,6.903552532196045,0.22
104.46399999999994,6.870582103729248,0.22
104.56399999999985,6.848880767822266,0.22
104.66400000000021,6.8850836753845215,0.22
104.76400000000012,6.906270980834961,0.22
104.86400000000003,6.877720832824707,0.22
104.96399999999994,6.8434247970581055,0.22
105.06399999999985,6.927504062652588,0.22
105.16400000000021,6.7783522605896,0.22
105.26400000000012,6.747988700866699,0.22
105.36400000000003,6.841348171234131,0.22
105.46399999999994,6.861003875732422,0.22
105.56399999999985,6.880725860595703,0.22
105.66400000000021,6.78086519241333,0.22
105.76400000000012,6.81063175201416,0.22
105.86400000000003,6.836721897125244,0.22
105.96399999999994,6.779365062713623,0.22
106.06399999999985,6.944413661956787,0.22
106.16400000000021,6.871480941772461,0.22
106.26400000000012,6.796470642089844,0.22
106.36400000000003,6.8831892013549805,0.22
106.46399999999994,6.756261348724365,0.22
106.56399999999985,6.811473369598389,0.22
106.66400000000021,6.818073749542236,0.22
106.76400000000012,6.758071422576904,0.22
106.86400000000003,6.89368200302124,0.22
106.96399999999994,6.769713401794434,0.22
107.06399999999985,6.863611698150635,0.22
107.16400000000021,6.843897342681885,0.22
107.26400000000012,6.84723424911499,0.22
107.36400000000003,6.750309467315674,0.22
107.46399999999994,6.741126537322998,0.22
107.56399999999985,6.751557350158691,0.22
107.66400000000021,6.708080291748047,0.22
107.76400000000012,6.745072364807129,0.22
107.86400000000003,6.7187418937683105,0.22
107.96399999999994,6.770785808563232,0.22
108.06399999999985,6.740504741668701,0.22
108.16400000000021,6.725382328033447,0.22
108.26400000000012,6.667945861816406,0.22
108.36400000000003,6.695652484893799,0.22
108.46399999999994,6.726884365081787,0.22
108.56399999999985,6.773744583129883,0.22
108.66400000000021,6.7306742668151855,0.22
108.76400000000012,6.815310001373291,0.22
108.86400000000003,6.810581207275391,0.22
108.96399999999994,6.782402515411377,0.22
109.06399999999985,6.772329330444336,0.22
109.16400000000021,6.760792255401611,0.22
109.26400000000012,6.745676517486572,0.22
109.36400000000003,6.78678035736084,0.22
109.46399999999994,6.8263468742370605,0.22
109.56399999999985,6.775839805603027,0.22
109.66400000000021,6.84373664855957,0.22
109.76400000000012,6.828850269317627,0.22
109.86400000000003,6.842009544372559,0.22
109.96399999999994,6.77260684967041,0.22
110.06399999999985,6.75974702835083,0.22
110.16400000000021,6.761703014373779,0.22
110.26400000000012,6.763824939727783,0.22
110.36400000000003,6.856691360473633,0.22
110.46399999999994,6.728287696838379,0.22
110.56399999999985,6.817778587341309,0.22
110.66400000000021,6.771697998046875,0.22
110.76400000000012,6.846906661987305,0.22
110.86400000000003,6.7522759437561035,0.22
110.96399999999994,6.6911234855651855,0.22
111.06399999999985,6.752584934234619,0.22
111.16400000000021,6.864816188812256,0.22
111.26400000000012,6.803916931152344,0.22
111.36400000000003,6.852348327636719,0.22
111.46399999999994,6.846761226654053,0.22
111.56399999999985,6.921620845794678,0.22
111.66400000000021,6.775717735290527,0.22
111.76400000000012,6.817498683929443,0.22
111.86400000000003,6.876938819885254,0.22
111.96399999999994,6.820058822631836,0.22
112.06399999999985,6.690462589263916,0.22
112.16400000000021,6.8010945320129395,0.22
112.26400000000012,6.894911766052246,0.22
112.36400000000003,6.7648210525512695,0.22
112.46399999999994,6.825453758239746,0.22
112.56399999999985,6.769576549530029,0.22
112.66400000000021,6.827429294586182,0.22
112.76400000000012,6.936002254486084,0.22
112.86400000000003,6.824850559234619,0.22
112.96399999999994,6.936089515686035,0.22
113.06399999999985,6.824612617492676,0.22
113.16400000000021,6.860834121704102,0.22
113.26400000000012,6.902161121368408,0.22
113.36400000000003,6.886425018310547,0.22
113.46399999999994,6.883041858673096,0.22
113.56399999999985,6.885818004608154,0.22
113.66400000000021,6.845349311828613,0.22
113.76400000000012,6.80320405960083,0.22
113.86400000000003,6.865253925323486,0.22
113.96399999999994,6.827306747436523,0.22
114.06399999999985,6.7327117919921875,0.22
114.16400000000021,6.681771278381348,0.22
114.26400000000012,6.776648044586182,0.22
114.36400000000003,6.767866134643555,0.22
114.46399999999994,6.830841541290283,0.22
114.56399999999985,6.904448509216309,0.22
114.66400000000021,6.845005512237549,0.22
114.76400000000012,6.816941261291504,0.22
114.86400000000003,6.705286026000977,0.22
114.96399999999994,6.726559162139893,0.22
115.06399999999985,6.733072280883789,0.22
115.16400000000021,6.841429233551025,0.22
115.26400000000012,6.8392333984375,0.22
115.36400000000003,6.842795372009277,0.22
115.46399999999994,6.799156188964844,0.22
115.56399999999985,6.752960205078125,0.22
115.66400000000021,6.79735803604126,0.22
115.76400000000012,6.831919193267822,0.22
115.86400000000003,6.7628912925720215,0.22
115.96399999999994,6.874284744262695,0.22
116.06399999999985,6.858251094818115,0.22
116.16400000000021,6.843554973602295,0.22
116.26400000000012,6.930685997009277,0.22
116.36400000000003,6.884716510772705,0.22
116.46399999999994,6.863195896148682,0.22
116.56399999999985,6.932267665863037,0.22
116.66400000000021,6.851134777069092,0.22
116.76400000000012,6.9045281410217285,0.22
116.86400000000003,6.92547607421875,0.22
116.96399999999994,6.879145622253418,0.22
117.06399999999985,6.848494529724121,0.22
117.16400000000021,6.99939489364624,0.22
117.26400000000012,6.863935947418213,0.22
117.36400000000003,7.01723051071167,0.22
117.46399999999994,6.851359844207764,0.22
117.56399999999985,6.902534484863281,0.22
117.66400000000021,6.949256896972656,0.22
117.76400000000012,6.948222637176514,0.22
117.86400000000003,6.953247547149658,0.22
117.96399999999994,6.953934669494629,0.22
118.06399999999985,6.794395923614502,0.22
118.16400000000021,6.92162561416626,0.22
118.26400000000012,6.939823627471924,0.22
118.36400000000003,6.977348804473877,0.22
118.46399999999994,6.876205921173096,0.22
118.56399999999985,6.870805740356445,0.22
118.66400000000021,6.906428813934326,0.22
118.76400000000012,6.798764705657959,0.22
118.86400000000003,6.916337013244629,0.22
118.96399999999994,6.952398300170898,0.22
119.06399999999985,6.870020389556885,0.22
119.16400000000021,6.90183162689209,0.22
119.26400000000012,6.911774158477783,0.22
119.36400000000003,6.853649616241455,0.22
119.46399999999994,6.885860919952393,0.22
119.56399999999985,6.867545127868652,0.22
119.66400000000021,6.884589672088623,0.22
119.76400000000012,6.853116512298584,0.22
119.86400000000003,6.769588470458984,0.22
119.96399999999994,6.716226100921631,0.22
120.06399999999985,6.733447074890137,0.22
120.16400000000021,6.856673717498779,0.22
120.26400000000012,6.825706958770752,0.22
120.36400000000003,6.885033130645752,0.22
120.46399999999994,6.809534072875977,0.22
120.56399999999985,6.769120216369629,0.22
120.66400000000021,6.738003730773926,0.22
120.76400000000012,6.725508213043213,0.22
120.86400000000003,6.799249172210693,0.22
120.96399999999994,6.74805212020874,0.22
121.06399999999985,6.831381797790527,0.22
121.16400000000021,6.7059197425842285,0.22
121.26400000000012,6.710460662841797,0.22
121.36400000000003,6.689966201782227,0.22
121.46399999999994,6.710689544677734,0.22
121.56399999999985,6.712432384490967,0.22
121.66400000000021,6.6489739418029785,0.22
121.76400000000012,6.721838474273682,0.22
121.86400000000003,6.588960647583008,0.22
121.96399999999994,6.669456958770752,0.22
122.06399999999985,6.729372978210449,0.22
122.16400000000021,6.742238521575928,0.22
122.26400000000012,6.739572525024414,0.22
122.36400000000003,6.6817121505737305,0.22
122.46399999999994,6.7531561851501465,0.22
122.56399999999985,6.754167556762695,0.22
122.66400000000021,6.854492664337158,0.22
122.76400000000012,6.813257217407227,0.22
122.86400000000003,6.711625576019287,0.22
122.96399999999994,6.807018756866455,0.22
123.06399999999985,6.7436041831970215,0.22
123.16400000000021,6.799320697784424,0.22
123.26400000000012,6.885145664215088,0.22
123.36400000000003,6.785924434661865,0.22
123.46399999999994,6.840049743652344,0.22
123.56399999999985,6.852815628051758,0.22
123.66400000000021,6.859466552734375,0.22
123.76400000000012,6.84407377243042,0.22
123.86400000000003,6.7653632164001465,0.22
123.96399999999994,6.802415370941162,0.22
124.06399999999985,6.759228229522705,0.22
124.16400000000021,6.717184066772461,0.22
124.26400000000012,6.730584144592285,0.22
124.36400000000003,6.840429782867432,0.22
124.46399999999994,6.684658050537109,0.22
124.56399999999985,6.776275157928467,0.22
124.66400000000021,6.72845458984375,0.22
124.76400000000012,6.825496673583984,0.22
124.86400000000003,6.8267717361450195,0.22
124.96399999999994,6.689474105834961,0.22
125.06399999999985,6.761103630065918,0.22
125.16400000000021,6.810043811798096,0.22
125.26400000000012,6.77723503112793,0.22
125.36400000000003,6.796313762664795,0.22
125.46399999999994,6.823739528656006,0.22
125.56399999999985,6.911775588989258,0.22
125.66400000000021,6.7659406661987305,0.22
125.76400000000012,6.799409866333008,0.22
125.86400000000003,6.865872859954834,0.22
125.96399999999994,6.82461404800415,0.22
126.06399999999985,6.78792667388916,0.22
126.16400000000021,6.882030963897705,0.22
126.26400000000012,6.875710487365723,0.22
126.36400000000003,6.856317043304443,0.22
126.46399999999994,6.787800312042236,0.22
126.56399999999985,6.903842449188232,0.22
126.66400000000021,6.837410926818848,0.22
126.76400000000012,6.8229498863220215,0.22
126.86400000000003,6.759007930755615,0.22
126.96399999999994,6.793734550476074,0.22
127.06399999999985,6.938776969909668,0.22
127.16400000000021,6.841180801391602,0.22
127.26400000000012,6.8567423820495605,0.22
127.36400000000003,6.884193420410156,0.22
127.46399999999994,6.875627517700195,0.22
127.56399999999985,6.926902770996094,0.22
127.66400000000021,6.838562965393066,0.22
127.76400000000012,6.850825309753418,0.22
127.86400000000003,6.922455787658691,0.22
127.96399999999994,6.883114337921143,0.22
128.06399999999985,6.9562788009643555,0.22
128.16400000000021,6.940608978271484,0.22
128.26400000000012,6.977671146392822,0.22
128.36400000000003,6.883591651916504,0.22
128.46399999999994,6.9199018478393555,0.22
128.56399999999985,6.907118320465088,0.22
128.66400000000021,6.894229888916016,0.22
128.76400000000012,6.936698913574219,0.22
128.86400000000003,7.011444091796875,0.22
128.96399999999994,6.948060989379883,0.22
129.06399999999985,6.934579372406006,0.22
129.16400000000021,6.937106132507324,0.22
129.26400000000012,6.947033882141113,0.22
129.36400000000003,6.991860389709473,0.22
129.46399999999994,6.962265491485596,0.22
129.56399999999985,6.982689380645752,0.22
129.66400000000021,6.954776763916016,0.22
129.76400000000012,6.900100231170654,0.22
129.86400000000003,7.031455039978027,0.22
129.96399999999994,6.919887065887451,0.22
130.06399999999985,6.813783645629883,0.22
130.16400000000021,6.892918586730957,0.22
130.26400000000012,6.830742835998535,0.22
130.36400000000003,6.900766372680664,0.22
130.46399999999994,6.875974178314209,0.22
130.56399999999985,6.817955017089844,0.22
130.66400000000021,6.791071891784668,0.22
130.76400000000012,6.812670707702637,0.22
130.86400000000003,6.823646068572998,0.22
130.96399999999994,6.819174766540527,0.22
131.06399999999985,6.767172336578369,0.22
131.16400000000021,6.807817459106445,0.22
131.26400000000012,6.790189743041992,0.22
131.36400000000003,6.777472972869873,0.22
131.46399999999994,6.864117622375488,0.22
131.56399999999985,6.735346794128418,0.22
131.66400000000021,6.738333225250244,0.22
131.76400000000012,6.734246730804443,0.22
131.86400000000003,6.702334403991699,0.22
131.96399999999994,6.787173271179199,0.22
132.06399999999985,6.807032585144043,0.22
132.16400000000021,6.664989471435547,0.22
132.26400000000012,6.697331428527832,0.22
132.36400000000003,6.721195697784424,0.22
132.46399999999994,6.784224987030029,0.22
132.56399999999985,6.70456600189209,0.22
132.66400000000021,6.644563674926758,0.22
132.76400000000012,6.698073863983154,0.22
132.86400000000003,6.711517810821533,0.22
132.96399999999994,6.77254056930542,0.22
133.06399999999985,6.721411228179932,0.22
133.16400000000021,6.809002876281738,0.22
133.26400000000012,6.723796844482422,0.22
133.36400000000003,6.771144866943359,0.22
133.46399999999994,6.7975172996521,0.22
133.56399999999985,6.815764904022217,0.22
133.66400000000021,6.730910301208496,0.22
133.76400000000012,6.790056228637695,0.22
133.86400000000003,6.7785797119140625,0.22
133.96399999999994,6.759367942810059,0.22
134.06399999999985,6.685078144073486,0.22
134.16400000000021,6.6969990730285645,0.22
134.26400000000012,6.664296627044678,0.22
134.36400000000003,6.698904991149902,0.22
134.46399999999994,6.7081732749938965,0.22
134.56399999999985,6.778326511383057,0.22
134.66400000000021,6.719831466674805,0.22
134.76400000000012,6.674259662628174,0.22
134.86400000000003,6.730972766876221,0.22
134.96399999999994,6.753319263458252,0.22
135.06399999999985,6.790965557098389,0.22
135.16400000000021,6.8778910636901855,0.22
135.26400000000012,6.801267623901367,0.22
135.36400000000003,6.8354644775390625,0.22
135.46399999999994,6.793115615844727,0.22
135.56399999999985,6.842954158782959,0.22
135.66400000000021,6.8028717041015625,0.22
135.76400000000012,6.847446918487549,0.22
135.86400000000003,6.892209053039551,0.22
135.96399999999994,6.84950590133667,0.22
136.06399999999985,6.786563396453857,0.22
136.16400000000021,6.9185590744018555,0.22
136.26400000000012,6.882559299468994,0.22
136.36400000000003,6.9566240310668945,0.22
136.46399999999994,6.908876895904541,0.22
136.56399999999985,6.9701948165893555,0.22
136.66400000000021,6.941978454589844,0.22
136.76400000000012,7.01301908493042,0.22
136.86400000000003,6.977859973907471,0.22
136.96399999999994,6.8942975997924805,0.22
137.06399999999985,6.850124359130859,0.22
137.16400000000021,6.918618679046631,0.22
137.26400000000012,6.890043258666992,0.22
137.36400000000003,6.99815034866333,0.22
137.46399999999994,6.901317119598389,0.22
137.56399999999985,6.881731986999512,0.22
137.66400000000021,6.895098686218262,0.22
137.76400000000012,6.9148359298706055,0.22
137.86400000000003,6.798072814941406,0.22
137.96399999999994,6.948771953582764,0.22
138.06399999999985,6.964870929718018,0.22
138.16400000000021,6.937595367431641,0.22
138.26400000000012,6.862138271331787,0.22
138.36400000000003,6.85743522644043,0.22
138.46399999999994,6.9110212326049805,0.22
138.56399999999985,6.912450790405273,0.22
138.66400000000021,6.980476379394531,0.22
138.76400000000012,6.8193278312683105,0.22
138.86400000000003,6.936566352844238,0.22
138.96399999999994,6.893713474273682,0.22
139.06399999999985,6.963098049163818,0.22
139.16400000000021,6.799554347991943,0.22
139.26400000000012,6.843104362487793,0.22
139.36400000000003,6.807011127471924,0.22
139.46399999999994,6.814328670501709,0.22
139.56399999999985,6.861428737640381,0.22
139.66400000000021,6.98554801940918,0.22
139.76400000000012,6.931320667266846,0.22
139.86400000000003,6.798854351043701,0.22
139.96399999999994,6.8811259269714355,0.22
140.06399999999985,6.849869251251221,0.22
140.16400000000021,6.942709922790527,0.22
140.26400000000012,6.877671718597412,0.22
140.36400000000003,6.93233585357666,0.22
140.46399999999994,6.823315143585205,0.22
140.56399999999985,6.952320098876953,0.22
140.66400000000021,6.909510612487793,0.22
140.76400000000012,6.863661766052246,0.22
140.86400000000003,6.896200180053711,0.22
140.96399999999994,6.859226226806641,0.22
141.06399999999985,6.9590654373168945,0.22
141.16400000000021,6.8845977783203125,0.22
141.26400000000012,6.8527984619140625,0.22
141.36400000000003,6.880479335784912,0.22
141.46399999999994,6.8980937004089355,0.22
141.56399999999985,6.825587272644043,0.22
141.66400000000021,6.805939197540283,0.22
141.76400000000012,6.924177169799805,0.22
141.86400000000003,6.86672306060791,0.22
141.96399999999994,6.82481050491333,0.22
142.06399999999985,6.940251350402832,0.22
142.16400000000021,6.768489360809326,0.22
142.26400000000012,6.790619373321533,0.22
142.3720000000003,6.917281150817871,0.22
142.46399999999994,6.8118133544921875,0.22
142.56399999999985,6.815546035766602,0.22
142.66400000000021,6.823101043701172,0.22
142.76400000000012,6.811052322387695,0.22
142.86400000000003,6.777624130249023,0.22
142.96399999999994,6.788018703460693,0.22
143.06399999999985,6.717547416687012,0.22
143.16400000000021,6.8173747062683105,0.22
143.26400000000012,6.811839580535889,0.22
143.36400000000003,6.842168807983398,0.22
143.46399999999994,6.793965816497803,0.22
143.56399999999985,6.781132221221924,0.22
143.66400000000021,6.854908466339111,0.22
143.76400000000012,6.788865089416504,0.22
143.86400000000003,6.777196407318115,0.22
143.96399999999994,6.76708984375,0.22
144.06399999999985,6.705336093902588,0.22
144.16400000000021,6.7472686767578125,0.22
144.26400000000012,6.653102397918701,0.22
144.36400000000003,6.790005683898926,0.22
144.46399999999994,6.703062057495117,0.22
144.56399999999985,6.830349922180176,0.22
144.66400000000021,6.753046035766602,0.22
144.76400000000012,6.696310043334961,0.22
144.86400000000003,6.812162399291992,0.22
144.96399999999994,6.809638977050781,0.22
145.06399999999985,6.76334810256958,0.22
145.16400000000021,6.705215930938721,0.22
145.26400000000012,6.8389973640441895,0.22
145.36400000000003,6.6763916015625,0.22
145.46399999999994,6.700601100921631,0.22
145.56399999999985,6.623118877410889,0.22
145.66400000000021,6.769951343536377,0.22
145.76400000000012,6.653411865234375,0.22
145.86400000000003,6.756999492645264,0.22
145.96399999999994,6.811062812805176,0.22
146.06399999999985,6.795200824737549,0.22
146.16400000000021,6.77815580368042,0.22
146.26400000000012,6.7238874435424805,0.22
146.36400000000003,6.7374701499938965,0.22
146.46399999999994,6.814589977264404,0.22
146.56399999999985,6.787045955657959,0.22
146.66400000000021,6.8168745040893555,0.22
146.76400000000012,6.785978317260742,0.22
146.86400000000003,6.721065044403076,0.22
146.96399999999994,6.719699859619141,0.22
147.06399999999985,6.779175758361816,0.22
147.16400000000021,6.78474760055542,0.22
147.26400000000012,6.6596832275390625,0.22
147.36400000000003,6.709672927856445,0.22
147.46399999999994,6.7692975997924805,0.22
147.56399999999985,6.719176769256592,0.22
147.66400000000021,6.746725082397461,0.22
147.76400000000012,6.751203536987305,0.22
147.86400000000003,6.851415157318115,0.22
147.96399999999994,6.737595081329346,0.22
148.06399999999985,6.729849815368652,0.22
148.16400000000021,6.802994728088379,0.22
148.26400000000012,6.782281398773193,0.22
148.36400000000003,6.715994358062744,0.22
148.46399999999994,6.740036964416504,0.22
148.56399999999985,6.812208652496338,0.22
148.66400000000021,6.728147029876709,0.22
148.76400000000012,6.768366813659668,0.22
148.86400000000003,6.69675874710083,0.22
148.96399999999994,6.812172889709473,0.22
149.06399999999985,6.7030534744262695,0.22
149.16400000000021,6.763237953186035,0.22
149.26400000000012,6.754566669464111,0.22
149.36400000000003,6.716413974761963,0.22
149.46399999999994,6.821786403656006,0.22
149.56399999999985,6.7858123779296875,0.22
149.66400000000021,6.773377418518066,0.22
149.76400000000012,6.850627422332764,0.22
149.86400000000003,6.812596321105957,0.22
149.96399999999994,6.743495941162109,0.22
150.06399999999985,6.7720513343811035,0.22
150.16400000000021,6.723274230957031,0.22
150.26400000000012,6.802903652191162,0.22
150.36400000000003,6.8331146240234375,0.22
150.46399999999994,6.7461347579956055,0.22
150.56399999999985,6.835136413574219,0.22
150.66400000000021,6.819792747497559,0.22
150.76400000000012,6.8470072746276855,0.22
150.86400000000003,6.840229511260986,0.22
150.96399999999994,6.851327896118164,0.22
151.06399999999985,6.800503253936768,0.22
151.16400000000021,6.8130669593811035,0.22
151.26400000000012,6.798858165740967,0.22
151.36400000000003,6.8053364753723145,0.22
151.46399999999994,6.890130996704102,0.22
151.56399999999985,6.847935199737549,0.22
151.66400000000021,6.897885322570801,0.22
151.76400000000012,6.901067733764648,0.22
151.86400000000003,6.823205471038818,0.22
151.96399999999994,6.840737342834473,0.22
152.06399999999985,6.803971767425537,0.22
152.16400000000021,6.840195178985596,0.22
152.26400000000012,6.878386497497559,0.22
152.36400000000003,6.75774621963501,0.22
152.46399999999994,6.82538366317749,0.22
152.56399999999985,6.727243900299072,0.22
152.66400000000021,6.910897254943848,0.22
152.76400000000012,6.827058792114258,0.22
152.86400000000003,6.783727169036865,0.22
152.96399999999994,6.880484580993652,0.22
153.06399999999985,6.792654037475586,0.22
153.16400000000021,6.8493757247924805,0.22
153.26400000000012,6.837032318115234,0.22
153.36400000000003,6.830937385559082,0.22
153.46399999999994,6.849401473999023,0.22
153.56399999999985,6.8775200843811035,0.22
153.66400000000021,6.868432998657227,0.22
153.76400000000012,6.911537170410156,0.22
153.86400000000003,6.845561504364014,0.22
153.96399999999994,6.785297870635986,0.22
154.06399999999985,6.923299312591553,0.22
154.16400000000021,6.8060994148254395,0.22
154.26400000000012,6.872308731079102,0.22
154.36400000000003,6.7841620445251465,0.22
154.46399999999994,6.831083297729492,0.22
154.56399999999985,6.865330219268799,0.22
154.66400000000021,6.8195481300354,0.22
154.76400000000012,6.89692497253418,0.22
154.86400000000003,6.78115701675415,0.22
154.96399999999994,6.857612609863281,0.22
155.06399999999985,6.774588584899902,0.22
155.16400000000021,6.849398612976074,0.22
155.26400000000012,6.86736536026001,0.22
155.36400000000003,6.808127403259277,0.22
155.46399999999994,6.842857360839844,0.22
155.56399999999985,6.888693332672119,0.22
155.66400000000021,6.859239101409912,0.22
155.76400000000012,6.896792888641357,0.22
155.86400000000003,6.8901848793029785,0.22
155.96399999999994,6.821014881134033,0.22
156.06399999999985,6.793257713317871,0.22
156.16400000000021,6.822726249694824,0.22
156.26400000000012,6.887357234954834,0.22
156.36400000000003,6.752541542053223,0.22
156.46399999999994,6.792027950286865,0.22
156.56399999999985,6.834867000579834,0.22
156.66400000000021,6.7984113693237305,0.22
156.76400000000012,6.704708576202393,0.22
156.86400000000003,6.81553316116333,0.22
156.96399999999994,6.786606311798096,0.22
157.06399999999985,6.828212261199951,0.22
157.16400000000021,6.7756571769714355,0.22
157.26400000000012,6.785918235778809,0.22
157.36400000000003,6.805776596069336,0.22
157.46399999999994,6.778724670410156,0.22
157.56399999999985,6.796468257904053,0.22
157.66400000000021,6.94942569732666,0.22
157.76400000000012,6.8394575119018555,0.22
157.86400000000003,6.865731239318848,0.22
157.96399999999994,6.839924335479736,0.22
158.06399999999985,6.849396705627441,0.22
158.16400000000021,6.774522304534912,0.22
158.26400000000012,6.9116973876953125,0.22
158.36400000000003,6.828220367431641,0.22
158.46399999999994,6.8721842765808105,0.22
158.56399999999985,6.801052093505859,0.22
158.66400000000021,6.832831859588623,0.22
158.76400000000012,6.888235092163086,0.22
158.86400000000003,6.854163646697998,0.22
158.96399999999994,6.942572116851807,0.22
159.06399999999985,6.929780960083008,0.22
159.16400000000021,6.8721923828125,0.22
159.26400000000012,6.988553047180176,0.22
159.36400000000003,6.880112171173096,0.22
159.46399999999994,6.894548416137695,0.22
159.56399999999985,6.977916717529297,0.22
159.66400000000021,6.984042167663574,0.22
159.76400000000012,6.959263324737549,0.22
159.86400000000003,6.946062088012695,0.22
